{"train_loss": 0.04064403430503957, "train_acc": 0.9825367647058824, "valid_loss": 0.06160261482000351, "valid_acc": 0.979931640625, "_timestamp": 1648780605, "_runtime": 3616, "_step": 302}