{"train_loss": 9.30235930904746, "valid_loss": 9.31944990964003, "_timestamp": 1650014793, "_runtime": 971, "_step": 6}