{"train_loss": 12.506474614143372, "valid_loss": 12.503725691845542, "_timestamp": 1649641127, "_runtime": 379, "_step": 8}