{"train_loss": 0.4830793405732359, "_timestamp": 1649450570, "_runtime": 17931, "_step": 59, "valid_loss": 8.158477965154146}