{"train_loss": 7.744630975027879, "valid_loss": 6.476271321984376, "_timestamp": 1649823538, "_runtime": 1568, "_step": 3}