{"train_loss": 12.484720945358276, "valid_loss": 12.476650752519307, "_timestamp": 1649658340, "_runtime": 813, "_step": 20}