{"train_loss": 12.476683497428894, "valid_loss": 12.476641015002603, "_timestamp": 1649643317, "_runtime": 161, "_step": 2}