{"train_loss": 12.493057787418365, "valid_loss": 12.476650350972227, "_timestamp": 1649657250, "_runtime": 223, "_step": 4}