{"train_loss": 12.451548993587494, "valid_loss": 12.439069120507492, "_timestamp": 1649656992, "_runtime": 1289, "_step": 33}