{"train_loss": 12.1815544962883, "valid_loss": 12.088337082611886, "_timestamp": 1649646072, "_runtime": 1089, "_step": 28}