{"train_loss": 12.4729163646698, "valid_loss": 12.468328137146798, "_timestamp": 1649642969, "_runtime": 158, "_step": 2}