{"train_loss": 1.2336696973534007, "valid_loss": 1.3461844255609616, "_timestamp": 1650240591, "_runtime": 75710, "_step": 99}