{"train_loss": 0.3381761579075828, "valid_loss": 5.520501687338478, "_timestamp": 1649619692, "_runtime": 15584, "_step": 419}