{"train_loss": 10.429214254021645, "valid_loss": 9.852226222400933, "_timestamp": 1649843434, "_runtime": 734, "_step": 4}