{"train_loss": 12.475933849811554, "valid_loss": 12.129006247771414, "_timestamp": 1649597876, "_runtime": 331, "_step": 7}