{"train_loss": 1.5009103647898883, "valid_loss": 1.1837380496980179, "_timestamp": 1649828857, "_runtime": 3430, "_step": 49}