{"train_loss": 0.4539497569203377, "valid_loss": 4.778584575653076, "_timestamp": 1649587786, "_runtime": 13958, "_step": 343, "_wandb": {"runtime": 13991}}