{"train_loss": 11.927661955356598, "valid_loss": 11.905643023942647, "_timestamp": 1649653970, "_runtime": 541, "_step": 13}