{"train_loss": 12.441913664340973, "valid_loss": 12.431015955774408, "_timestamp": 1649644276, "_runtime": 340, "_step": 7}