{"train_loss": 9.041051499545574, "valid_loss": 8.619695204330302, "_timestamp": 1649842311, "_runtime": 2112, "_step": 10}