{"train_loss": 0.6801491810215844, "train_acc": 0.5794270833333334, "valid_loss": 0.653355062007904, "valid_acc": 0.542578125, "_timestamp": 1648730830, "_runtime": 23, "_step": 0}