{"train_loss": 2.380348514790293, "valid_loss": 1.9774412683601863, "_timestamp": 1650032550, "_runtime": 2502, "_step": 2}