{"train_loss": 12.48475593328476, "valid_loss": 12.476650263133802, "_timestamp": 1649653384, "_runtime": 7115, "_step": 189}