{"train_loss": 0.06345600634813309, "train_acc": 0.9765625, "valid_loss": 0.06680358946323395, "valid_acc": 0.97578125, "_timestamp": 1648718769, "_runtime": 441, "_step": 31}