{"train_loss": 12.481802225112915, "valid_loss": 12.476651668548584, "_timestamp": 1649592197, "_runtime": 4092, "_step": 88}