{"train_loss": 12.518664002418518, "valid_loss": 12.502992780585037, "_timestamp": 1649640366, "_runtime": 1141, "_step": 29}