{"train_loss": 0.056386154583271814, "train_acc": 0.9788602941176471, "valid_loss": 0.05660654976963997, "valid_acc": 0.97724609375, "_timestamp": 1648736132, "_runtime": 3729, "_step": 302}