{"train_loss": 12.362245758098585, "valid_loss": 12.801206363137585, "_timestamp": 1650164023, "_runtime": 41942, "_step": 33}