{"train_loss": 0.049600519130335134, "train_acc": 0.9820772058823529, "valid_loss": 0.06001587212085724, "valid_acc": 0.97734375, "_timestamp": 1648723705, "_runtime": 3625, "_step": 302}