{"train_loss": 12.499205231666565, "valid_loss": 12.476650815261038, "_timestamp": 1649655708, "_runtime": 525, "_step": 12}