{"train_loss": 0.20227322752953114, "valid_loss": 4.022717767640164, "_timestamp": 1649789379, "_runtime": 28329, "_step": 279}