{"train_loss": 11.923648953437805, "valid_loss": 11.905730987849989, "_timestamp": 1649655063, "_runtime": 1047, "_step": 27}