{"train_loss": 11.029992520809174, "valid_loss": 10.842916300422267, "_timestamp": 1649659055, "_runtime": 638, "_step": 15}