{"train_loss": 11.488376915454865, "valid_loss": 10.993517348640843, "_timestamp": 1649603823, "_runtime": 5840, "_step": 156}