{"train_loss": 1.8497226829786086, "valid_loss": 2.0354005864283566, "_timestamp": 1650041158, "_runtime": 26276, "_step": 197}