{"train_loss": 1.5785373598337173, "valid_loss": 3.911606638055099, "_timestamp": 1649674600, "_runtime": 15487, "_step": 419, "_wandb": {"runtime": 15664}}