{"train_loss": 1.2914045621817893, "valid_loss": 1.3976488549004595, "_timestamp": 1650111521, "_runtime": 77471, "_step": 99}