{"train_loss": 0.4830793405732359, "_timestamp": 1649495986, "_runtime": 18039, "_step": 59, "valid_loss": 8.158477965154146}