{"train_loss": 12.548185169696808, "valid_loss": 12.50346999419363, "_timestamp": 1649642683, "_runtime": 449, "_step": 9}