{"train_loss": 9.295287251472473, "valid_loss": 9.204281618720607, "_timestamp": 1649596107, "_runtime": 2127, "_step": 54}